Time (sec);X Position (m);Y Position (m);Z Position (m);Roll Position (rad);Pitch Position (rad);Yaw Position (rad)
0.0000000000;0.0001207015;-0.0001495055;0.0000516910;0.0010994848;-0.0001298318;-0.0011868362
0.0100000000;0.0002411497;-0.0002988669;0.0000977220;0.0021747146;-0.0002178280;-0.0023752825
0.0200000000;0.0003612933;-0.0004480550;0.0001369873;0.0032147606;-0.0002561408;-0.0035657344
0.0300000000;0.0004811313;-0.0005970692;0.0001695293;0.0042122442;-0.0002430065;-0.0047584028
0.0400000000;0.0006006632;-0.0007459092;0.0001954158;0.0051594023;-0.0001741268;-0.0059536040
0.0500000000;0.0007198883;-0.0008945748;0.0002147448;0.0060489121;-0.0000458741;-0.0071514232
0.0600000000;0.0008388061;-0.0010430656;0.0002276384;0.0068747003;0.0001419912;-0.0083515424
0.0700000000;0.0009574163;-0.0011913814;0.0002342341;0.0076324751;0.0003865779;-0.0095534393
0.0800000000;0.0010757186;-0.0013395221;0.0002346854;0.0083206861;0.0006838337;-0.0107565631
0.0900000000;0.0011937126;-0.0014874873;0.0002291697;0.0089404038;0.0010304349;-0.0119603156
0.1000000000;0.0013113984;-0.0016352771;0.0002178980;0.0094944332;0.0014233161;-0.0131640501
0.1100000000;0.0014287757;-0.0017828914;0.0002011173;0.0099868805;0.0018577054;-0.0143673010
0.1200000000;0.0015458446;-0.0019303299;0.0001791018;0.0104235899;0.0023280656;-0.0155699885
0.1300000000;0.0016626051;-0.0020775928;0.0001521359;0.0108123114;0.0028329919;-0.0167722588
0.1400000000;0.0017790572;-0.0022246802;0.0001205031;0.0111602003;0.0033786766;-0.0179743257
0.1500000000;0.0018952010;-0.0023715924;0.0000844928;0.0114704526;0.0039754978;-0.0191765781
0.1600000000;0.0020110362;-0.0025183295;0.0000444085;0.0117426203;0.0046312046;-0.0203795369
0.1700000000;0.0021265627;-0.0026648921;0.0000005642;0.0119767106;0.0053487658;-0.0215834816
0.1800000000;0.0022417799;-0.0028112805;-0.0000467258;0.0121768795;0.0061282061;-0.0227881731
0.1900000000;0.0023566874;-0.0029574951;-0.0000971477;0.0123501931;0.0069669463;-0.0239929994
0.2000000000;0.0024712848;-0.0031035364;-0.0001503840;0.0125003916;0.0078605190;-0.0251973285
0.2100000000;0.0025855718;-0.0032494046;-0.0002061118;0.0126238573;0.0088057393;-0.0264007725
0.2200000000;0.0026995481;-0.0033951003;-0.0002640046;0.0127120529;0.0098024745;-0.0276032814
0.2300000000;0.0028132136;-0.0035406238;-0.0003237301;0.0127558414;0.0108526478;-0.0288050985
0.2400000000;0.0029265684;-0.0036859755;-0.0003849443;0.0127484004;0.0119581035;-0.0300066797
0.2500000000;0.0030396126;-0.0038311562;-0.0004472900;0.0126878344;0.0131181947;-0.0312085660
0.2600000000;0.0031523464;-0.0039761663;-0.0005104003;0.0125785629;0.0143277775;-0.0324113174
0.2700000000;0.0032647702;-0.0041210066;-0.0005739114;0.0124290636;0.0155777527;-0.0336154289
0.2800000000;0.0033768845;-0.0042656778;-0.0006374751;0.0122474700;0.0168585025;-0.0348208265
0.2900000000;0.0034886898;-0.0044101807;-0.0007007671;0.0120393265;0.0181603472;-0.0360267154
0.3000000000;0.0036001868;-0.0045545160;-0.0007634923;0.0118094284;0.0194708384;-0.0372326845
0.3100000000;0.0037113760;-0.0046986849;-0.0008253974;0.0115645178;0.0207761917;-0.0384396096
0.3200000000;0.0038222583;-0.0048426884;-0.0008862794;0.0113122896;0.0220650524;-0.0396489337
0.3300000000;0.0039328342;-0.0049865277;-0.0009459683;0.0110591574;0.0233288062;-0.0408615932
0.3400000000;0.0040431044;-0.0051302043;-0.0010043010;0.0108110184;0.0245601584;-0.0420779724
0.3500000000;0.0041530693;-0.0052737197;-0.0010611330;0.0105739570;0.0257528091;-0.0432982945
0.3600000000;0.0042627295;-0.0054170753;-0.0011163724;0.0103520297;0.0269009884;-0.0445226703
0.3700000000;0.0043720856;-0.0055602724;-0.0011699789;0.0101452741;0.0279987356;-0.0457510103
0.3800000000;0.0044811383;-0.0057033123;-0.0012219302;0.0099510209;0.0290416704;-0.0469830292
0.3900000000;0.0045898882;-0.0058461961;-0.0012722005;0.0097668374;0.0300294586;-0.0482182937
0.4000000000;0.0046983358;-0.0059889250;-0.0013207634;0.0095915685;0.0309651428;-0.0494564474
0.4100000000;0.0048064819;-0.0061314995;-0.0013676019;0.0094242708;0.0318536911;-0.0506976169
0.4200000000;0.0049143270;-0.0062739205;-0.0014127111;0.0092624264;0.0327014348;-0.0519424627
0.4300000000;0.0050218719;-0.0064161884;-0.0014560912;0.0091022462;0.0335129481;-0.0531915286
0.4400000000;0.0051291173;-0.0065583035;-0.0014977298;0.0089434289;0.0342874548;-0.0544444902
0.4500000000;0.0052360637;-0.0067002653;-0.0015375975;0.0087929587;0.0350210935;-0.0557001528
0.4600000000;0.0053427117;-0.0068420722;-0.0015756783;0.0086624689;0.0357124373;-0.0569571122
0.4700000000;0.0054490617;-0.0069837213;-0.0016120083;0.0085625233;0.0363640565;-0.0582143091
0.4800000000;0.0055551137;-0.0071252080;-0.0016466723;0.0084994248;0.0369795398;-0.0594712101
0.4900000000;0.0056608677;-0.0072665262;-0.0016797556;0.0084763271;0.0375618150;-0.0607278586
0.5000000000;0.0057663234;-0.0074076681;-0.0017113137;0.0084967206;0.0381157232;-0.0619848670
0.5100000000;0.0058714806;-0.0075486237;-0.0017413904;0.0085669046;0.0386499195;-0.0632430283
0.5200000000;0.0059763390;-0.0076893810;-0.0017700434;0.0086939244;0.0391760852;-0.0645025955
0.5300000000;0.0060808986;-0.0078299256;-0.0017973444;0.0088792854;0.0397075485;-0.0657630577
0.5400000000;0.0061851595;-0.0079702402;-0.0018233718;0.0091165157;0.0402569687;-0.0670236516
0.5500000000;0.0062891221;-0.0081103046;-0.0018482097;0.0093987051;0.0408335979;-0.0682837662
0.5600000000;0.0063927869;-0.0082500960;-0.0018719565;0.0097280298;0.0414404117;-0.0695428649
0.5700000000;0.0064961544;-0.0083895882;-0.0018947478;0.0101153230;0.0420734049;-0.0708003907
0.5800000000;0.0065992254;-0.0085287522;-0.0019167774;0.0105729090;0.0427248152;-0.0720559001
0.5900000000;0.0067020006;-0.0086675565;-0.0019382962;0.0111118309;0.0433852209;-0.0733090791
0.6000000000;0.0068044807;-0.0088059677;-0.0019595975;0.0117445386;0.0440432756;-0.0745593686
0.6100000000;0.0069066664;-0.0089439511;-0.0019810100;0.0124870376;0.0446852799;-0.0758056529
0.6200000000;0.0070085583;-0.0090814712;-0.0020028995;0.0133563341;0.0452948061;-0.0770465737
0.6300000000;0.0071101571;-0.0092184919;-0.0020256669;0.0143647834;0.0458548479;-0.0782810691
0.6400000000;0.0072114637;-0.0093549775;-0.0020497335;0.0155168732;0.0463506931;-0.0795083284
0.6500000000;0.0073124793;-0.0094908927;-0.0020755203;0.0168107468;0.0467716548;-0.0807274068
0.6600000000;0.0074132051;-0.0096262031;-0.0021034362;0.0182427287;0.0471145926;-0.0819373551
0.6700000000;0.0075136424;-0.0097608757;-0.0021338750;0.0198098506;0.0473853888;-0.0831376041
0.6800000000;0.0076137926;-0.0098948788;-0.0021672133;0.0215083758;0.0475937456;-0.0843277825
0.6900000000;0.0077136574;-0.0100281827;-0.0022038059;0.0233338614;0.0477469498;-0.0855072278
0.7000000000;0.0078132383;-0.0101607599;-0.0022439784;0.0252832879;0.0478481855;-0.0866749184
0.7100000000;0.0079125367;-0.0102925856;-0.0022880226;0.0273541639;0.0478964533;-0.0878297293
0.7200000000;0.0080115539;-0.0104236375;-0.0023362055;0.0295412900;0.0478880280;-0.0889704682
0.7300000000;0.0081102910;-0.0105538960;-0.0023887878;0.0318339673;0.0478221763;-0.0900955731
0.7400000000;0.0082087490;-0.0106833440;-0.0024460349;0.0342155750;0.0477053750;-0.0912026346
0.7500000000;0.0083069288;-0.0108119670;-0.0025082116;0.0366678165;0.0475494292;-0.0922882566
0.7600000000;0.0084048314;-0.0109397536;-0.0025755704;0.0391751558;0.0473663435;-0.0933489482
0.7700000000;0.0085024578;-0.0110666942;-0.0026483397;0.0417234065;0.0471641427;-0.0943823989
0.7800000000;0.0085998086;-0.0111927814;-0.0027267147;0.0442965655;0.0469482155;-0.0953876766
0.7900000000;0.0086968847;-0.0113180093;-0.0028108662;0.0468773748;0.0467259112;-0.0963644064
0.8000000000;0.0087936866;-0.0114423727;-0.0029009700;0.0494497705;0.0465052759;-0.0973121252
0.8100000000;0.0088902150;-0.0115658670;-0.0029972284;0.0520007132;0.0462884887;-0.0982302987
0.8200000000;0.0089864707;-0.0116884877;-0.0030998639;0.0545218305;0.0460706884;-0.0991185950
0.8300000000;0.0090824544;-0.0118102296;-0.0032090910;0.0570093749;0.0458465502;-0.0999769487
0.8400000000;0.0091781671;-0.0119310871;-0.0033250890;0.0594608934;0.0456146539;-0.1008053346
0.8500000000;0.0092736097;-0.0120510545;-0.0034479852;0.0618717999;0.0453771356;-0.1016034603
0.8600000000;0.0093687832;-0.0121701261;-0.0035778379;0.0642353226;0.0451420839;-0.1023705590
0.8700000000;0.0094636886;-0.0122882971;-0.0037146147;0.0665454149;0.0449243006;-0.1031054212
0.8800000000;0.0095583264;-0.0124055639;-0.0038581729;0.0687981380;0.0447377844;-0.1038066820
0.8900000000;0.0096526972;-0.0125219245;-0.0040082514;0.0709872724;0.0445895026;-0.1044730903
0.9000000000;0.0097468009;-0.0126373786;-0.0041644810;0.0730998431;0.0444807568;-0.1051035687
0.9100000000;0.0098406377;-0.0127519268;-0.0043264115;0.0751196491;0.0444120481;-0.1056970827
0.9200000000;0.0099342074;-0.0128655710;-0.0044935381;0.0770338722;0.0443881843;-0.1062524453
0.9300000000;0.0100275102;-0.0129783138;-0.0046653100;0.0788347779;0.0444173791;-0.1067682388
0.9400000000;0.0101205463;-0.0130901585;-0.0048411279;0.0805170564;0.0445050243;-0.1072429673
0.9500000000;0.0102133161;-0.0132011090;-0.0050203406;0.0820745537;0.0446535675;-0.1076753614
0.9600000000;0.0103058201;-0.0133111697;-0.0052022446;0.0834990227;0.0448672003;-0.1080644327
0.9700000000;0.0103980589;-0.0134203453;-0.0053860845;0.0847808533;0.0451510120;-0.1084090936
0.9800000000;0.0104900329;-0.0135286405;-0.0055710601;0.0859103202;0.0455070353;-0.1087080122
0.9900000000;0.0105817429;-0.0136360599;-0.0057563431;0.0868787475;0.0459336070;-0.1089599873
1.0000000000;0.0106731898;-0.0137426078;-0.0059411018;0.0876804077;0.0464253117;-0.1091640646
1.0100000000;0.0107643747;-0.0138482873;-0.0061245244;0.0883153517;0.0469710670;-0.1093191521
1.0200000000;0.0108552987;-0.0139531006;-0.0063058270;0.0887901581;0.0475552117;-0.1094238052
1.0300000000;0.0109459628;-0.0140570487;-0.0064842532;0.0891141346;0.0481639255;-0.1094765048
1.0400000000;0.0110363681;-0.0141601305;-0.0066590860;0.0892937340;0.0487893527;-0.1094760444
1.0500000000;0.0111265155;-0.0142623435;-0.0068296733;0.0893314626;0.0494269679;-0.1094215791
1.0600000000;0.0112164063;-0.0143636822;-0.0069954559;0.0892299907;0.0500733362;-0.1093123604
1.0700000000;0.0113060416;-0.0144641386;-0.0071559895;0.0889959342;0.0507265609;-0.1091476057
1.0800000000;0.0113954230;-0.0145637013;-0.0073109610;0.0886410715;0.0513835362;-0.1089267187
1.0900000000;0.0114845516;-0.0146623556;-0.0074601828;0.0881815501;0.0520364534;-0.1086494005
1.1000000000;0.0115734284;-0.0147600848;-0.0076035617;0.0876359136;0.0526758436;-0.1083154046
1.1100000000;0.0116620541;-0.0148568711;-0.0077410697;0.0870246289;0.0532970704;-0.1079242882
1.1200000000;0.0117504290;-0.0149526963;-0.0078727312;0.0863712574;0.0539017086;-0.1074754765
1.1300000000;0.0118385530;-0.0150475430;-0.0079986100;0.0857009997;0.0544937514;-0.1069686309
1.1400000000;0.0119264255;-0.0151413947;-0.0081187984;0.0850356324;0.0550775176;-0.1064039034
1.1500000000;0.0120140457;-0.0152342363;-0.0082334306;0.0843901889;0.0556598113;-0.1057817569
1.1600000000;0.0121014124;-0.0153260542;-0.0083427102;0.0837746366;0.0562504346;-0.1051027275
1.1700000000;0.0121885239;-0.0154168366;-0.0084469263;0.0831971381;0.0568558973;-0.1043674570
1.1800000000;0.0122753786;-0.0155065741;-0.0085464412;0.0826650233;0.0574726926;-0.1035767343
1.1900000000;0.0123619744;-0.0155952596;-0.0086416518;0.0821853252;0.0580898103;-0.1027314396
1.2000000000;0.0124483084;-0.0156828892;-0.0087329494;0.0817665037;0.0586975650;-0.1018326440
1.2100000000;0.0125343775;-0.0157694629;-0.0088207035;0.0814183523;0.0592924918;-0.1008817118
1.2200000000;0.0126201780;-0.0158549850;-0.0089052627;0.0811501275;0.0598762475;-0.0998800715
1.2300000000;0.0127057057;-0.0159394638;-0.0089869553;0.0809688052;0.0604518233;-0.0988289590
1.2400000000;0.0127909563;-0.0160229118;-0.0090660834;0.0808778775;0.0610194005;-0.0977295346
1.2500000000;0.0128759255;-0.0161053451;-0.0091429233;0.0808778990;0.0615761157;-0.0965832090
1.2600000000;0.0129606090;-0.0161867831;-0.0092177365;0.0809664929;0.0621195075;-0.0953916997
1.2700000000;0.0130450024;-0.0162672486;-0.0092907825;0.0811362290;0.0626468167;-0.0941567900
1.2800000000;0.0131291015;-0.0163467664;-0.0093623276;0.0813747646;0.0631498945;-0.0928804189
1.2900000000;0.0132129020;-0.0164253635;-0.0094326416;0.0816668165;0.0636159057;-0.0915649803
1.3000000000;0.0132963996;-0.0165030685;-0.0095019926;0.0819932505;0.0640367659;-0.0902131120
1.3100000000;0.0133795902;-0.0165799111;-0.0095706537;0.0823306657;0.0644152772;-0.0888274116
1.3200000000;0.0134624693;-0.0166559218;-0.0096389232;0.0826562767;0.0647594004;-0.0874106436
1.3300000000;0.0135450328;-0.0167311317;-0.0097071450;0.0829532511;0.0650769032;-0.0859658627
1.3400000000;0.0136272762;-0.0168055725;-0.0097757141;0.0832109868;0.0653803354;-0.0844961396
1.3500000000;0.0137091953;-0.0168792756;-0.0098450687;0.0834225995;0.0656893621;-0.0830042437
1.3600000000;0.0137907857;-0.0169522728;-0.0099156782;0.0835823314;0.0660219664;-0.0814924611
1.3700000000;0.0138720431;-0.0170245953;-0.0099880384;0.0836826603;0.0663863611;-0.0799626090
1.3800000000;0.0139529633;-0.0170962737;-0.0100626724;0.0837126464;0.0667816744;-0.0784162794
1.3900000000;0.0140335425;-0.0171673375;-0.0101401220;0.0836600174;0.0672033731;-0.0768550706
1.4000000000;0.0141137767;-0.0172378154;-0.0102209293;0.0835159018;0.0676490388;-0.0752805021
1.4100000000;0.0141936624;-0.0173077341;-0.0103056219;0.0832767774;0.0681209571;-0.0736939003
1.4200000000;0.0142731958;-0.0173771187;-0.0103947067;0.0829419302;0.0686229643;-0.0720967658
1.4300000000;0.0143523732;-0.0174459925;-0.0104886639;0.0825123783;0.0691550581;-0.0704911160
1.4400000000;0.0144311908;-0.0175143770;-0.0105879407;0.0819913968;0.0697135178;-0.0688791001
1.4500000000;0.0145096447;-0.0175822921;-0.0106929410;0.0813811454;0.0702965905;-0.0672624457
1.4600000000;0.0145877316;-0.0176497559;-0.0108040033;0.0806796494;0.0709076598;-0.0656425439
1.4700000000;0.0146654479;-0.0177167853;-0.0109213800;0.0798841437;0.0715524780;-0.0640209232
1.4800000000;0.0147427905;-0.0177833956;-0.0110452281;0.0789954340;0.0722327923;-0.0623994950
1.4900000000;0.0148197566;-0.0178496007;-0.0111756075;0.0780171429;0.0729415060;-0.0607804298
1.5000000000;0.0148963432;-0.0179154133;-0.0113124843;0.0769535052;0.0736635427;-0.0591657651
1.5100000000;0.0149725477;-0.0179808445;-0.0114557433;0.0758104100;0.0743805995;-0.0575570629
1.5200000000;0.0150483676;-0.0180459043;-0.0116052028;0.0745979836;0.0750782432;-0.0559555500
1.5300000000;0.0151238003;-0.0181106015;-0.0117606251;0.0733309934;0.0757532655;-0.0543625683
1.5400000000;0.0151988434;-0.0181749437;-0.0119217161;0.0720258503;0.0764139042;-0.0527798137
1.5500000000;0.0152734946;-0.0182389374;-0.0120881252;0.0706960255;0.0770726764;-0.0512093335
1.5600000000;0.0153477516;-0.0183025879;-0.0122594466;0.0693503465;0.0777408382;-0.0496534156
1.5700000000;0.0154216125;-0.0183659000;-0.0124352171;0.0679967767;0.0784281529;-0.0481142882
1.5800000000;0.0154950754;-0.0184288772;-0.0126149074;0.0666462165;0.0791443917;-0.0465938163
1.5900000000;0.0155681387;-0.0184915231;-0.0127979142;0.0653112101;0.0798994984;-0.0450934894
1.6000000000;0.0156408008;-0.0185538407;-0.0129835551;0.0640030516;0.0807025586;-0.0436146118
1.6100000000;0.0157130600;-0.0186158326;-0.0131710767;0.0627302155;0.0815595189;-0.0421584070
1.6200000000;0.0157849149;-0.0186775010;-0.0133596794;0.0614975791;0.0824713486;-0.0407259635
1.6300000000;0.0158563640;-0.0187388477;-0.0135485472;0.0603067385;0.0834344614;-0.0393182336
1.6400000000;0.0159274059;-0.0187998736;-0.0137368700;0.0591575958;0.0844408251;-0.0379361026
1.6500000000;0.0159980391;-0.0188605798;-0.0139238481;0.0580502001;0.0854804628;-0.0365801614
1.6600000000;0.0160682621;-0.0189209670;-0.0141086820;0.0569850829;0.0865473061;-0.0352503059
1.6700000000;0.0161380735;-0.0189810358;-0.0142905560;0.0559626189;0.0876393218;-0.0339458166
1.6800000000;0.0162074720;-0.0190407865;-0.0144686321;0.0549837683;0.0887542046;-0.0326659402
1.6900000000;0.0162764563;-0.0191002195;-0.0146420626;0.0540512368;0.0898886468;-0.0314103745
1.7000000000;0.0163450254;-0.0191593355;-0.0148100085;0.0531680708;0.0910376590;-0.0301793596
1.7100000000;0.0164131783;-0.0192181359;-0.0149716589;0.0523354919;0.0921934353;-0.0289735383
1.7200000000;0.0164809143;-0.0192766226;-0.0151262469;0.0515526571;0.0933484620;-0.0277937551
1.7300000000;0.0165482327;-0.0193347977;-0.0152730596;0.0508167077;0.0944981723;-0.0266408335
1.7400000000;0.0166151327;-0.0193926637;-0.0154114440;0.0501233617;0.0956404565;-0.0255152946
1.7500000000;0.0166816136;-0.0194502235;-0.0155408193;0.0494687856;0.0967758832;-0.0244170166
1.7600000000;0.0167476750;-0.0195074801;-0.0156606963;0.0488514067;0.0979075345;-0.0233451414
1.7700000000;0.0168133163;-0.0195644370;-0.0157706892;0.0482735315;0.0990393992;-0.0222985043
1.7800000000;0.0168785373;-0.0196210973;-0.0158705152;0.0477411480;0.1001757720;-0.0212761585
1.7900000000;0.0169433381;-0.0196774637;-0.0159599932;0.0472608690;0.1013195447;-0.0202775031
1.8000000000;0.0170077188;-0.0197335387;-0.0160390459;0.0468369763;0.1024679829;-0.0193021064
1.8100000000;0.0170716801;-0.0197893247;-0.0161077075;0.0464703140;0.1036110347;-0.0183494187
1.8200000000;0.0171352227;-0.0198448246;-0.0161661278;0.0461583363;0.1047348484;-0.0174186311
1.8300000000;0.0171983477;-0.0199000413;-0.0162145675;0.0458957170;0.1058268197;-0.0165087220
1.8400000000;0.0172610561;-0.0199549770;-0.0162533840;0.0456746363;0.1068779584;-0.0156184153
1.8500000000;0.0173233494;-0.0200096329;-0.0162830105;0.0454853499;0.1078829336;-0.0147461751
1.8600000000;0.0173852286;-0.0200640092;-0.0163039328;0.0453173039;0.1088408309;-0.0138904210
1.8700000000;0.0174466951;-0.0201181052;-0.0163166871;0.0451586582;0.1097562171;-0.0130497886
1.8800000000;0.0175077502;-0.0201719198;-0.0163218882;0.0449975635;0.1106359574;-0.0122233063
1.8900000000;0.0175683954;-0.0202254509;-0.0163202557;0.0448284837;0.1114837596;-0.0114104812
1.9000000000;0.0176286320;-0.0202786960;-0.0163126056;0.0446553622;0.1123009543;-0.0106113011
1.9100000000;0.0176884614;-0.0203316516;-0.0162998270;0.0444863641;0.1130912366;-0.0098260116
1.9200000000;0.0177478849;-0.0203843136;-0.0162828686;0.0443273143;0.1138593813;-0.0090547663
1.9300000000;0.0178069041;-0.0204366767;-0.0162627263;0.0441796708;0.1146056271;-0.0082975333
1.9400000000;0.0178655205;-0.0204887339;-0.0162404243;0.0440429839;0.1153264393;-0.0075540482
1.9500000000;0.0179237359;-0.0205404764;-0.0162170043;0.0439198412;0.1160203675;-0.0068235511
1.9600000000;0.0179815522;-0.0205918935;-0.0161935299;0.0438181114;0.1166881483;-0.0061046936
1.9700000000;0.0180389714;-0.0206429722;-0.0161710964;0.0437464500;0.1173296645;-0.0053957813
1.9800000000;0.0180959958;-0.0206936982;-0.0161508155;0.0437086623;0.1179461023;-0.0046952082
1.9900000000;0.0181526277;-0.0207440562;-0.0161337690;0.0437049100;0.1185442335;-0.0040018729
2.0000000000;0.0182088693;-0.0207940304;-0.0161209730;0.0437356369;0.1191371777;-0.0033150804
2.0100000000;0.0182647231;-0.0208436049;-0.0161133786;0.0438013071;0.1197402810;-0.0026339763
2.0200000000;0.0183201911;-0.0208927638;-0.0161118729;0.0439006669;0.1203663382;-0.0019571682
2.0300000000;0.0183752755;-0.0209414922;-0.0161172607;0.0440310050;0.1210248365;-0.0012827168
2.0400000000;0.0184299781;-0.0209897752;-0.0161302471;0.0441898715;0.1217214847;-0.0006084092
2.0500000000;0.0184843010;-0.0210375989;-0.0161514293;0.0443783217;0.1224570429;0.0000677757
2.0600000000;0.0185382463;-0.0210849503;-0.0161812878;0.0446041944;0.1232286062;0.0007473491
2.0700000000;0.0185918166;-0.0211318172;-0.0162201721;0.0448798847;0.1240295694;0.0014312956
2.0800000000;0.0186450146;-0.0211781885;-0.0162682849;0.0452145820;0.1248496617;0.0021202068
2.0900000000;0.0186978429;-0.0212240542;-0.0163256763;0.0456093118;0.1256813964;0.0028145283
2.1000000000;0.0187503042;-0.0212694055;-0.0163922507;0.0460593778;0.1265253756;0.0035147649
2.1100000000;0.0188024010;-0.0213142349;-0.0164677787;0.0465600730;0.1273847834;0.0042214715
2.1200000000;0.0188541357;-0.0213585357;-0.0165519081;0.0471084528;0.1282566826;0.0049352915
2.1300000000;0.0189055105;-0.0214023019;-0.0166441685;0.0477000610;0.1291325769;0.0056571216
2.1400000000;0.0189565275;-0.0214455281;-0.0167439709;0.0483264203;0.1300070186;0.0063881565
2.1500000000;0.0190071887;-0.0214882088;-0.0168506189;0.0489772597;0.1308821548;0.0071297176
2.1600000000;0.0190574959;-0.0215303388;-0.0169633355;0.0496449858;0.1317633206;0.0078829513
2.1700000000;0.0191074505;-0.0215719127;-0.0170812934;0.0503254056;0.1326546193;0.0086486871
2.1800000000;0.0191570539;-0.0216129250;-0.0172036333;0.0510146750;0.1335608661;0.0094276392
2.1900000000;0.0192063069;-0.0216533700;-0.0173294719;0.0517085698;0.1344900013;0.0102206658
2.2000000000;0.0192552104;-0.0216932415;-0.0174579160;0.0524051537;0.1354497310;0.0110287916
2.2100000000;0.0193037651;-0.0217325328;-0.0175880868;0.0531064610;0.1364419223;0.0118530749
2.2200000000;0.0193519713;-0.0217712370;-0.0177191388;0.0538169517;0.1374609795;0.0126944513
2.2300000000;0.0193998295;-0.0218093466;-0.0178502620;0.0545409519;0.1384974653;0.0135536160
2.2400000000;0.0194473401;-0.0218468535;-0.0179806746;0.0552822700;0.1395446010;0.0144308769
2.2500000000;0.0194945034;-0.0218837488;-0.0181096277;0.0560457177;0.1406013882;0.0153259930
2.2600000000;0.0195413197;-0.0219200228;-0.0182364202;0.0568376067;0.1416684840;0.0162383174
2.2700000000;0.0195877893;-0.0219556653;-0.0183604059;0.0576642011;0.1427433742;0.0171671268
2.2800000000;0.0196339122;-0.0219906665;-0.0184809865;0.0585299909;0.1438199315;0.0181117064
2.2900000000;0.0196796881;-0.0220250171;-0.0185976024;0.0594360832;0.1448890477;0.0190713272
2.3000000000;0.0197251166;-0.0220587087;-0.0187097276;0.0603782926;0.1459401279;0.0200453668
2.3100000000;0.0197701969;-0.0220917340;-0.0188168682;0.0613483886;0.1469649627;0.0210333591
2.3200000000;0.0198149279;-0.0221240869;-0.0189185721;0.0623381372;0.1479584024;0.0220349543
2.3300000000;0.0198593084;-0.0221557628;-0.0190144464;0.0633408645;0.1489137427;0.0230500080
2.3400000000;0.0199033373;-0.0221867582;-0.0191041616;0.0643517759;0.1498201739;0.0240785984
2.3500000000;0.0199470133;-0.0222170715;-0.0191874428;0.0653696128;0.1506640241;0.0251208810
2.3600000000;0.0199903353;-0.0222467024;-0.0192640635;0.0663962018;0.1514318534;0.0261770470
2.3700000000;0.0200333023;-0.0222756524;-0.0193338330;0.0674321303;0.1521151891;0.0272473031
2.3800000000;0.0200759129;-0.0223039246;-0.0193965763;0.0684727276;0.1527114499;0.0283316566
2.3900000000;0.0201181659;-0.0223315238;-0.0194521314;0.0695080924;0.1532210446;0.0294297758
2.4000000000;0.0201600599;-0.0223584568;-0.0195003719;0.0705252189;0.1536462678;0.0305413526
2.4100000000;0.0202015934;-0.0223847315;-0.0195412302;0.0715098079;0.1539911626;0.0316666551
2.4200000000;0.0202427644;-0.0224103566;-0.0195747093;0.0724478285;0.1542622898;0.0328064372
2.4300000000;0.0202835713;-0.0224353416;-0.0196008977;0.0733256354;0.1544686421;0.0339611572
2.4400000000;0.0203240120;-0.0224596960;-0.0196199818;0.0741294393;0.1546163408;0.0351304093
2.4500000000;0.0203640846;-0.0224834291;-0.0196322369;0.0748474433;0.1547053630;0.0363131940
2.4600000000;0.0204037874;-0.0225065498;-0.0196380038;0.0754733585;0.1547346338;0.0375085779
2.4700000000;0.0204431185;-0.0225290664;-0.0196376734;0.0760058633;0.1547076900;0.0387160122
2.4800000000;0.0204820764;-0.0225509869;-0.0196316746;0.0764427123;0.1546313473;0.0399352767
2.4900000000;0.0205206594;-0.0225723186;-0.0196204566;0.0767768196;0.1545098800;0.0411663119
2.5000000000;0.0205588663;-0.0225930691;-0.0196044683;0.0770006781;0.1543427552;0.0424090029
2.5100000000;0.0205966956;-0.0226132454;-0.0195841513;0.0771137463;0.1541289465;0.0436629894
2.5200000000;0.0206341465;-0.0226328545;-0.0195599460;0.0771231877;0.1538719012;0.0449277944
2.5300000000;0.0206712177;-0.0226519026;-0.0195322967;0.0770370113;0.1535804775;0.0462031935
2.5400000000;0.0207079085;-0.0226703961;-0.0195016480;0.0768578144;0.1532673137;0.0474891460
2.5500000000;0.0207442178;-0.0226883409;-0.0194684398;0.0765839505;0.1529462299;0.0487853415
2.5600000000;0.0207801447;-0.0227057431;-0.0194331170;0.0762144244;0.1526297162;0.0500911064
2.5700000000;0.0208156884;-0.0227226084;-0.0193961408;0.0757509622;0.1523296759;0.0514055715
2.5800000000;0.0208508480;-0.0227389430;-0.0193579859;0.0751977674;0.1520601197;0.0527276340
2.5900000000;0.0208856229;-0.0227547531;-0.0193191304;0.0745598876;0.1518349194;0.0540559440
2.6000000000;0.0209200125;-0.0227700453;-0.0192800550;0.0738413324;0.1516636646;0.0553891995
2.6100000000;0.0209540161;-0.0227848263;-0.0192412473;0.0730473672;0.1515526284;0.0567262959
2.6200000000;0.0209876332;-0.0227991027;-0.0192032004;0.0721879862;0.1515051706;0.0580661450
2.6300000000;0.0210208628;-0.0228128813;-0.0191663975;0.0712757005;0.1515175009;0.0594076993
2.6400000000;0.0210537042;-0.0228261686;-0.0191312806;0.0703197866;0.1515775711;0.0607501269
2.6500000000;0.0210861564;-0.0228389716;-0.0190982188;0.0693239276;0.1516708113;0.0620927151
2.6600000000;0.0211182186;-0.0228512970;-0.0190675048;0.0682895145;0.1517847886;0.0634345922
2.6700000000;0.0211498897;-0.0228631518;-0.0190393736;0.0672189977;0.1519082873;0.0647745471
2.6800000000;0.0211811692;-0.0228745431;-0.0190140199;0.0661147112;0.1520307196;0.0661112096
2.6900000000;0.0212120562;-0.0228854780;-0.0189915992;0.0649774764;0.1521448623;0.0674434584
2.7000000000;0.0212425498;-0.0228959636;-0.0189722198;0.0638084354;0.1522492065;0.0687705522
2.7100000000;0.0212726492;-0.0229060070;-0.0189559449;0.0626109223;0.1523469023;0.0700918481
2.7200000000;0.0213023538;-0.0229156150;-0.0189428091;0.0613896896;0.1524417580;0.0714064330
2.7300000000;0.0213316629;-0.0229247933;-0.0189328359;0.0601496381;0.1525359073;0.0727131300
2.7400000000;0.0213605761;-0.0229335469;-0.0189260437;0.0588957675;0.1526323920;0.0740109060
2.7500000000;0.0213890932;-0.0229418808;-0.0189224309;0.0576320090;0.1527381162;0.0752990558
2.7600000000;0.0214172137;-0.0229498000;-0.0189219476;0.0563607250;0.1528602905;0.0765768207
2.7700000000;0.0214449376;-0.0229573100;-0.0189244777;0.0550866190;0.1530000407;0.0778429189
2.7800000000;0.0214722647;-0.0229644164;-0.0189298300;0.0538190534;0.1531548655;0.0790956292
2.7900000000;0.0214991948;-0.0229711250;-0.0189377392;0.0525686853;0.1533267647;0.0803334008
2.8000000000;0.0215257278;-0.0229774411;-0.0189478928;0.0513457709;0.1535213844;0.0815553136
2.8100000000;0.0215518633;-0.0229833695;-0.0189599780;0.0501620040;0.1537402952;0.0827608757
2.8200000000;0.0215776013;-0.0229889131;-0.0189737119;0.0490298459;0.1539803189;0.0839494214
2.8300000000;0.0216029418;-0.0229940732;-0.0189888470;0.0479593124;0.1542402737;0.0851197787
2.8400000000;0.0216278850;-0.0229988491;-0.0190051708;0.0469579597;0.1545239619;0.0862704946
2.8500000000;0.0216524313;-0.0230032385;-0.0190225080;0.0460355724;0.1548360431;0.0874002918
2.8600000000;0.0216765808;-0.0230072375;-0.0190407147;0.0452059514;0.1551773964;0.0885082885
2.8700000000;0.0217003338;-0.0230108416;-0.0190596621;0.0444817612;0.1555451636;0.0895940995
2.8800000000;0.0217236905;-0.0230140452;-0.0190792203;0.0438701289;0.1559371349;0.0906579930
2.8900000000;0.0217466510;-0.0230168431;-0.0190992438;0.0433725212;0.1563542436;0.0917007153
2.9000000000;0.0217692155;-0.0230192296;-0.0191195565;0.0429846126;0.1567969093;0.0927230713
2.9100000000;0.0217913841;-0.0230211990;-0.0191399579;0.0426973270;0.1572615601;0.0937257708
2.9200000000;0.0218131569;-0.0230227451;-0.0191602547;0.0425021077;0.1577424098;0.0947095136
2.9300000000;0.0218345341;-0.0230238618;-0.0191802847;0.0423956962;0.1582349816;0.0956752352
2.9400000000;0.0218555160;-0.0230245423;-0.0191999100;0.0423790506;0.1587363493;0.0966243660
2.9500000000;0.0218761031;-0.0230247800;-0.0192189962;0.0424537637;0.1592412645;0.0975587192
2.9600000000;0.0218962961;-0.0230245684;-0.0192373834;0.0426217094;0.1597396268;0.0984801694
2.9700000000;0.0219160955;-0.0230239017;-0.0192548592;0.0428855437;0.1602198370;0.0993904158
2.9800000000;0.0219355023;-0.0230227748;-0.0192711527;0.0432450815;0.1606734608;0.1002907590
2.9900000000;0.0219545172;-0.0230211836;-0.0192859544;0.0436931258;0.1610944585;0.1011819009
3.0000000000;0.0219731412;-0.0230191242;-0.0192989410;0.0442170273;0.1614763517;0.1020639348
3.0100000000;0.0219913751;-0.0230165928;-0.0193097877;0.0448043671;0.1618132820;0.1029367086
3.0200000000;0.0220092198;-0.0230135854;-0.0193181792;0.0454469565;0.1621008047;0.1038003526
3.0300000000;0.0220266759;-0.0230100979;-0.0193238304;0.0461400921;0.1623336630;0.1046553736
3.0400000000;0.0220437447;-0.0230061254;-0.0193265072;0.0468792457;0.1625071922;0.1055023597
3.0500000000;0.0220604269;-0.0230016625;-0.0193260342;0.0476580496;0.1626217199;0.1063419633
3.0600000000;0.0220767239;-0.0229967034;-0.0193222942;0.0484675919;0.1626830222;0.1071750356
3.0700000000;0.0220926367;-0.0229912418;-0.0193152276;0.0492972905;0.1627004949;0.1080023345
3.0800000000;0.0221081666;-0.0229852718;-0.0193048287;0.0501375774;0.1626858857;0.1088242767
3.0900000000;0.0221233150;-0.0229787876;-0.0192911415;0.0509810326;0.1626505064;0.1096412955
3.1000000000;0.0221380831;-0.0229717843;-0.0192742490;0.0518218199;0.1626013296;0.1104542324
3.1100000000;0.0221524724;-0.0229642572;-0.0192542592;0.0526554301;0.1625413504;0.1112641455
3.1200000000;0.0221664842;-0.0229562024;-0.0192312930;0.0534775332;0.1624729291;0.1120717815
3.1300000000;0.0221801198;-0.0229476165;-0.0192054861;0.0542819189;0.1623973134;0.1128773100
3.1400000000;0.0221933805;-0.0229384972;-0.0191769967;0.0550587433;0.1623144436;0.1136806261
3.1500000000;0.0222062676;-0.0229288429;-0.0191460024;0.0557940531;0.1622264493;0.1144818175
3.1600000000;0.0222187822;-0.0229186529;-0.0191126900;0.0564737920;0.1621386131;0.1152811424
3.1700000000;0.0222309257;-0.0229079270;-0.0190772598;0.0570898497;0.1620578383;0.1160787713
3.1800000000;0.0222426994;-0.0228966657;-0.0190399440;0.0576394229;0.1619922181;0.1168749995
3.1900000000;0.0222541044;-0.0228848693;-0.0190010191;0.0581200718;0.1619481818;0.1176706890
3.2000000000;0.0222651419;-0.0228725388;-0.0189608030;0.0585290204;0.1619248550;0.1184670841
3.2100000000;0.0222758130;-0.0228596748;-0.0189196375;0.0588642844;0.1619146898;0.1192651441
3.2200000000;0.0222861189;-0.0228462783;-0.0188778584;0.0591240162;0.1619124060;0.1200654289
3.2300000000;0.0222960607;-0.0228323507;-0.0188357691;0.0593071065;0.1619218333;0.1208685003
3.2400000000;0.0223056394;-0.0228178936;-0.0187936439;0.0594148138;0.1619530910;0.1216749177
3.2500000000;0.0223148563;-0.0228029095;-0.0187517562;0.0594487344;0.1620135722;0.1224849869
3.2600000000;0.0223237122;-0.0227874011;-0.0187103963;0.0594062721;0.1621046900;0.1232989448
3.2700000000;0.0223322081;-0.0227713714;-0.0186698681;0.0592801007;0.1622277862;0.1241172408
3.2800000000;0.0223403448;-0.0227548237;-0.0186304804;0.0590619030;0.1623872545;0.1249404337
3.2900000000;0.0223481231;-0.0227377609;-0.0185925388;0.0587462648;0.1625866362;0.1257689751
3.3000000000;0.0223555436;-0.0227201859;-0.0185563401;0.0583320796;0.1628259469;0.1266030916
3.3100000000;0.0223626071;-0.0227021013;-0.0185221715;0.0578196949;0.1631042972;0.1274427546
3.3200000000;0.0223693141;-0.0226835098;-0.0184903143;0.0572072972;0.1634232364;0.1282879254
3.3300000000;0.0223756653;-0.0226644146;-0.0184610375;0.0564921632;0.1637855912;0.1291389767
3.3400000000;0.0223816613;-0.0226448187;-0.0184345766;0.0556748013;0.1641918844;0.1299968007
3.3500000000;0.0223873024;-0.0226247263;-0.0184111244;0.0547600736;0.1646394891;0.1308624835
3.3600000000;0.0223925890;-0.0226041419;-0.0183908504;0.0537546701;0.1651253974;0.1317368452
3.3700000000;0.0223975214;-0.0225830708;-0.0183739296;0.0526647649;0.1656487356;0.1326201158
3.3800000000;0.0224020997;-0.0225615187;-0.0183605533;0.0514961780;0.1662104534;0.1335119107
3.3900000000;0.0224063239;-0.0225394918;-0.0183509232;0.0502561841;0.1668124441;0.1344113604
3.4000000000;0.0224101939;-0.0225169967;-0.0183452425;0.0489535697;0.1674566508;0.1353173629
3.4100000000;0.0224137096;-0.0224940405;-0.0183437069;0.0475948120;0.1681433201;0.1362291142
3.4200000000;0.0224168709;-0.0224706308;-0.0183464966;0.0461803735;0.1688713968;0.1371464027
3.4300000000;0.0224196776;-0.0224467756;-0.0183537611;0.0447057450;0.1696419801;0.1380692674
3.4400000000;0.0224221294;-0.0224224832;-0.0183655972;0.0431655602;0.1704586318;0.1389975014
3.4500000000;0.0224242261;-0.0223977620;-0.0183820346;0.0415572754;0.1713231040;0.1399304687
3.4600000000;0.0224259672;-0.0223726209;-0.0184030434;0.0398824185;0.1722338393;0.1408671467
3.4700000000;0.0224273520;-0.0223470686;-0.0184285491;0.0381450992;0.1731863040;0.1418061699
3.4800000000;0.0224283798;-0.0223211141;-0.0184584342;0.0363504215;0.1741704583;0.1427460404
3.4900000000;0.0224290498;-0.0222947666;-0.0184925222;0.0345038604;0.1751709925;0.1436855632
3.5000000000;0.0224293613;-0.0222680354;-0.0185305660;0.0326104902;0.1761737702;0.1446241077
3.5100000000;0.0224293136;-0.0222409296;-0.0185722557;0.0306748504;0.1771707910;0.1455615862
3.5200000000;0.0224289058;-0.0222134580;-0.0186172397;0.0287019715;0.1781583807;0.1464982504
3.5300000000;0.0224281372;-0.0221856290;-0.0186651415;0.0266986984;0.1791349320;0.1474342641
3.5400000000;0.0224270069;-0.0221574507;-0.0187155654;0.0246750448;0.1801021662;0.1483694921
3.5500000000;0.0224255140;-0.0221289306;-0.0187680969;0.0226448767;0.1810649949;0.1493039317
3.5600000000;0.0224236576;-0.0221000758;-0.0188223046;0.0206237669;0.1820299882;0.1502380578
3.5700000000;0.0224214368;-0.0220708928;-0.0188777488;0.0186257601;0.1830048734;0.1511724570
3.5800000000;0.0224188507;-0.0220413876;-0.0189339946;0.0166637470;0.1839954562;0.1521074475
3.5900000000;0.0224158984;-0.0220115654;-0.0189906202;0.0147508059;0.1850006819;0.1530430549
3.6000000000;0.0224125788;-0.0219814302;-0.0190472130;0.0128977653;0.1860130881;0.1539788233
3.6100000000;0.0224088907;-0.0219509848;-0.0191033721;0.0111101868;0.1870238814;0.1549136345
3.6200000000;0.0224048328;-0.0219202305;-0.0191587322;0.0093892099;0.1880228626;0.1558461232
3.6300000000;0.0224004037;-0.0218891675;-0.0192129815;0.0077341247;0.1889925364;0.1567753283
3.6400000000;0.0223956022;-0.0218577955;-0.0192658418;0.0061439228;0.1899089161;0.1577007291
3.6500000000;0.0223904269;-0.0218261139;-0.0193170294;0.0046185789;0.1907521728;0.1586217796
3.6600000000;0.0223848767;-0.0217941218;-0.0193662322;0.0031581349;0.1915126186;0.1595377352
3.6700000000;0.0223789507;-0.0217618183;-0.0194131144;0.0017596939;0.1921864153;0.1604479086
3.6800000000;0.0223726481;-0.0217292020;-0.0194573425;0.0004184033;0.1927721566;0.1613519048
3.6900000000;0.0223659683;-0.0216962717;-0.0194986172;-0.0008682782;0.1932717378;0.1622495347
3.7000000000;0.0223589109;-0.0216630253;-0.0195366872;-0.0021011104;0.1936893580;0.1631405178
3.7100000000;0.0223514755;-0.0216294606;-0.0195713378;-0.0032849565;0.1940280093;0.1640243186
3.7200000000;0.0223436620;-0.0215955752;-0.0196023688;-0.0044318063;0.1942880990;0.1649003344
3.7300000000;0.0223354702;-0.0215613663;-0.0196295853;-0.0055558498;0.1944701383;0.1657681668
3.7400000000;0.0223268998;-0.0215268311;-0.0196527974;-0.0066647512;0.1945776625;0.1666275149
3.7500000000;0.0223179507;-0.0214919674;-0.0196718180;-0.0077564798;0.1946179557;0.1674778407
3.7600000000;0.0223086227;-0.0214567729;-0.0196864668;-0.0088239712;0.1946028425;0.1683183631
3.7700000000;0.0222989155;-0.0214212455;-0.0196965880;-0.0098606552;0.1945475297;0.1691484163
3.7800000000;0.0222888286;-0.0213853824;-0.0197020673;-0.0108637712;0.1944634760;0.1699677332
3.7900000000;0.0222783618;-0.0213491808;-0.0197028428;-0.0118347952;0.1943523127;0.1707764240
3.8000000000;0.0222675148;-0.0213126368;-0.0196989072;-0.0127756766;0.1942085184;0.1715746759
3.8100000000;0.0222562877;-0.0212757459;-0.0196902953;-0.0136859964;0.1940248867;0.1723624088
3.8200000000;0.0222446803;-0.0212385030;-0.0196770692;-0.0145645712;0.1937945609;0.1731393050
3.8300000000;0.0222326929;-0.0212009020;-0.0196593212;-0.0154110743;0.1935107012;0.1739051626
3.8400000000;0.0222203257;-0.0211629361;-0.0196371873;-0.0162236241;0.1931669329;0.1746601352
3.8500000000;0.0222075790;-0.0211245975;-0.0196108494;-0.0169951964;0.1927606836;0.1754047090
3.8600000000;0.0221944528;-0.0210858779;-0.0195805260;-0.0177150836;0.1922948924;0.1761394886
3.8700000000;0.0221809473;-0.0210467679;-0.0195464614;-0.0183743701;0.1917756261;0.1768650158
3.8800000000;0.0221670627;-0.0210072580;-0.0195089119;-0.0189683207;0.1912100899;0.1775818048
3.8900000000;0.0221527991;-0.0209673382;-0.0194681257;-0.0194944488;0.1906046561;0.1782904635
3.9000000000;0.0221381569;-0.0209269979;-0.0194243399;-0.0199498340;0.1899614803;0.1789916754
3.9100000000;0.0221231366;-0.0208862261;-0.0193777935;-0.0203316784;0.1892772341;0.1796859088
3.9200000000;0.0221077388;-0.0208450113;-0.0193287303;-0.0206419219;0.1885451588;0.1803732348
3.9300000000;0.0220919640;-0.0208033416;-0.0192773851;-0.0208883142;0.1877584616;0.1810538817
3.9400000000;0.0220758133;-0.0207612054;-0.0192239670;-0.0210794348;0.1869130718;0.1817290638
3.9500000000;0.0220592874;-0.0207185919;-0.0191686495;-0.0212210334;0.1860067755;0.1824009221
3.9600000000;0.0220423874;-0.0206754911;-0.0191115629;-0.0213156840;0.1850363118;0.1830716224
3.9700000000;0.0220251144;-0.0206318949;-0.0190527869;-0.0213637192;0.1839991165;0.1837425789
3.9800000000;0.0220074696;-0.0205877971;-0.0189923531;-0.0213651140;0.1828964508;0.1844142017
3.9900000000;0.0219894540;-0.0205431937;-0.0189302592;-0.0213213242;0.1817303145;0.1850861203
4.0000000000;0.0219710685;-0.0204980833;-0.0188664888;-0.0212376810;0.1804996752;0.1857578037
4.0100000000;0.0219523141;-0.0204524662;-0.0188010332;-0.0211267812;0.1792041255;0.1864291966
4.0200000000;0.0219331913;-0.0204063450;-0.0187339157;-0.0210084852;0.1778503332;0.1871007968
4.0300000000;0.0219137005;-0.0203597238;-0.0186652070;-0.0209053791;0.1764520975;0.1877732201
4.0400000000;0.0218938416;-0.0203126078;-0.0185950249;-0.0208383022;0.1750247807;0.1884468940
4.0500000000;0.0218736144;-0.0202650031;-0.0185235328;-0.0208226154;0.1735820554;0.1891219822
4.0600000000;0.0218530184;-0.0202169163;-0.0184509472;-0.0208658422;0.1721380982;0.1897982649
4.0700000000;0.0218320529;-0.0201683539;-0.0183775385;-0.0209702374;0.1707094149;0.1904751654
4.0800000000;0.0218107172;-0.0201193227;-0.0183036087;-0.0211378768;0.1693110507;0.1911520192
4.0900000000;0.0217890110;-0.0200698297;-0.0182294619;-0.0213719695;0.1679515849;0.1918282538
4.1000000000;0.0217669336;-0.0200198821;-0.0181553881;-0.0216748339;0.1666325266;0.1925034688
4.1100000000;0.0217444848;-0.0199694875;-0.0180816630;-0.0220480320;0.1653510959;0.1931774850
4.1200000000;0.0217216642;-0.0199186532;-0.0180085556;-0.0224951613;0.1641039681;0.1938502016
4.1300000000;0.0216984712;-0.0198673861;-0.0179363365;-0.0230230211;0.1628897474;0.1945214540
4.1400000000;0.0216749056;-0.0198156922;-0.0178652765;-0.0236393688;0.1617076161;0.1951911562
4.1500000000;0.0216509669;-0.0197635773;-0.0177956465;-0.0243504349;0.1605546978;0.1958596210
4.1600000000;0.0216266550;-0.0197110464;-0.0177277223;-0.0251610226;0.1594264556;0.1965275808
4.1700000000;0.0216019695;-0.0196581037;-0.0176617851;-0.0260750153;0.1583196518;0.1971957899
4.1800000000;0.0215769103;-0.0196047531;-0.0175981099;-0.0270944084;0.1572342626;0.1978647453
4.1900000000;0.0215514770;-0.0195509981;-0.0175369488;-0.0282180265;0.1561712698;0.1985347390
4.2000000000;0.0215256695;-0.0194968424;-0.0174785131;-0.0294399271;0.1551286015;0.1992059485
4.2100000000;0.0214994875;-0.0194422901;-0.0174229638;-0.0307487023;0.1540992363;0.1998783369
4.2200000000;0.0214729310;-0.0193873453;-0.0173704117;-0.0321293367;0.1530712810;0.2005514920
4.2300000000;0.0214459998;-0.0193320129;-0.0173209180;-0.0335653781;0.1520304513;0.2012246833
4.2400000000;0.0214186937;-0.0192762976;-0.0172744952;-0.0350417779;0.1509653410;0.2018970951
4.2500000000;0.0213910127;-0.0192202048;-0.0172311114;-0.0365490506;0.1498717887;0.2025679963
4.2600000000;0.0213629567;-0.0191637396;-0.0171907012;-0.0380832646;0.1487516475;0.2032367128
4.2700000000;0.0213345256;-0.0191069073;-0.0171531745;-0.0396419002;0.1476061812;0.2039026605
4.2800000000;0.0213057196;-0.0190497131;-0.0171184218;-0.0412220770;0.1464321915;0.2045656736
4.2900000000;0.0212765386;-0.0189921626;-0.0170863149;-0.0428214227;0.1452248957;0.2052261397
4.3000000000;0.0212469827;-0.0189342612;-0.0170567121;-0.0444383516;0.1439812229;0.2058847079
4.3100000000;0.0212170517;-0.0188760148;-0.0170294599;-0.0460711781;0.1426995282;0.2065420435
4.3200000000;0.0211867455;-0.0188174300;-0.0170043891;-0.0477166816;0.1413767724;0.2071988077
4.3300000000;0.0211560639;-0.0187585139;-0.0169813123;-0.0493701005;0.1400060052;0.2078556084
4.3400000000;0.0211250066;-0.0186992745;-0.0169600235;-0.0510274570;0.1385804184;0.2085129457
4.3500000000;0.0210935732;-0.0186397202;-0.0169402984;-0.0526868351;0.1371017561;0.2091712531
4.3600000000;0.0210617632;-0.0185798596;-0.0169219005;-0.0543467111;0.1355804844;0.2098308202
4.3700000000;0.0210295762;-0.0185197017;-0.0169045940;-0.0560048872;0.1340277706;0.2104917345
4.3800000000;0.0209970118;-0.0184592554;-0.0168881464;-0.0576596195;0.1324515534;0.2111540612
4.3900000000;0.0209640696;-0.0183985296;-0.0168723217;-0.0593095892;0.1308598416;0.2118180244
4.4000000000;0.0209307493;-0.0183375329;-0.0168568759;-0.0609522328;0.1292644218;0.2124840435
4.4100000000;0.0208970507;-0.0182762741;-0.0168415601;-0.0625838113;0.1276795011;0.2131525875
4.4200000000;0.0208629737;-0.0182147618;-0.0168261261;-0.0642014915;0.1261174088;0.2138238268
4.4300000000;0.0208285178;-0.0181530045;-0.0168103252;-0.0658047896;0.1245883916;0.2144974362
4.4400000000;0.0207936830;-0.0180910110;-0.0167939030;-0.0673953044;0.1231039748;0.2151728242
4.4500000000;0.0207584688;-0.0180287899;-0.0167766020;-0.0689761550;0.1216774695;0.2158494042
4.4600000000;0.0207228750;-0.0179663500;-0.0167581710;-0.0705518152;0.1203215678;0.2165264699
4.4700000000;0.0206869015;-0.0179037000;-0.0167383771;-0.0721261538;0.1190458500;0.2172029312
4.4800000000;0.0206505480;-0.0178408484;-0.0167170135;-0.0737000310;0.1178567953;0.2178775512
4.4900000000;0.0206138143;-0.0177778033;-0.0166939023;-0.0752724537;0.1167614795;0.2185495108
4.5000000000;0.0205767004;-0.0177145724;-0.0166688943;-0.0768433469;0.1157690727;0.2192183980
4.5100000000;0.0205392062;-0.0176511622;-0.0166418661;-0.0784134433;0.1148866465;0.2198838103
4.5200000000;0.0205013316;-0.0175875790;-0.0166127191;-0.0799809214;0.1141164792;0.2205454378
4.5300000000;0.0204630767;-0.0175238277;-0.0165813763;-0.0815405000;0.1134570375;0.2212034300
4.5400000000;0.0204244415;-0.0174599127;-0.0165477786;-0.0830885764;0.1129021617;0.2218584213
4.5500000000;0.0203854261;-0.0173958374;-0.0165118764;-0.0846272258;0.1124397734;0.2225111480
4.5600000000;0.0203460307;-0.0173316041;-0.0164736172;-0.0861614322;0.1120523372;0.2231618348
4.5700000000;0.0203062556;-0.0172672150;-0.0164329379;-0.0876947158;0.1117187629;0.2238098392
4.5800000000;0.0202661010;-0.0172026718;-0.0163897642;-0.0892283922;0.1114199082;0.2244539682
4.5900000000;0.0202255674;-0.0171379764;-0.0163440124;-0.0907630791;0.1111436434;0.2250929761
4.6000000000;0.0201846549;-0.0170731312;-0.0162955902;-0.0923004184;0.1108832026;0.2257257240
4.6100000000;0.0201433637;-0.0170081391;-0.0162443946;-0.0938438974;0.1106334694;0.2263511051
4.6200000000;0.0201016939;-0.0169430041;-0.0161903089;-0.0953965772;0.1103909976;0.2269678226
4.6300000000;0.0200596453;-0.0168777317;-0.0161332057;-0.0969594378;0.1101559394;0.2275742335
4.6400000000;0.0200172175;-0.0168123285;-0.0160729542;-0.0985350734;0.1099307816;0.2281685312
4.6500000000;0.0199744101;-0.0167468028;-0.0160094156;-0.1001302640;0.1097153168;0.2287489473
4.6600000000;0.0199312222;-0.0166811647;-0.0159424314;-0.1017517838;0.1095061906;0.2293136177
4.6700000000;0.0198876529;-0.0166154253;-0.0158718207;-0.1034017632;0.1093029793;0.2298604202
4.6800000000;0.0198437014;-0.0165495969;-0.0157973922;-0.1050784575;0.1091111891;0.2303870792
4.6900000000;0.0197993664;-0.0164836926;-0.0157189595;-0.1067799598;0.1089375813;0.2308914083
4.7000000000;0.0197546469;-0.0164177260;-0.0156363574;-0.1085055300;0.1087834805;0.2313714630
4.7100000000;0.0197095416;-0.0163517112;-0.0155494525;-0.1102533969;0.1086440408;0.2318256738
4.7200000000;0.0196640493;-0.0162856626;-0.0154581414;-0.1120191475;0.1085133970;0.2322530920
4.7300000000;0.0196181689;-0.0162195945;-0.0153623425;-0.1137966248;0.1083888278;0.2326534754
4.7400000000;0.0195718991;-0.0161535213;-0.0152619984;-0.1155798583;0.1082720805;0.2330269517
4.7500000000;0.0195252389;-0.0160874570;-0.0151570912;-0.1173650539;0.1081687122;0.2333734973
4.7600000000;0.0194781871;-0.0160214155;-0.0150476547;-0.1191519791;0.1080851785;0.2336927651
4.7700000000;0.0194307424;-0.0159554100;-0.0149337754;-0.1209430593;0.1080261272;0.2339843607
4.7800000000;0.0193829035;-0.0158894530;-0.0148155912;-0.1227400750;0.1079932425;0.2342479629
4.7900000000;0.0193346690;-0.0158235564;-0.0146932896;-0.1245437139;0.1079860432;0.2344830757
4.8000000000;0.0192860374;-0.0157577314;-0.0145671056;-0.1263570349;0.1080044514;0.2346890604
4.8100000000;0.0192370073;-0.0156919891;-0.0144373097;-0.1281850581;0.1080482877;0.2348654819
4.8200000000;0.0191875773;-0.0156263408;-0.0143041863;-0.1300288928;0.1081138624;0.2350120447
4.8300000000;0.0191377460;-0.0155607983;-0.0141680028;-0.1318828276;0.1081943862;0.2351282825
4.8400000000;0.0190875122;-0.0154953740;-0.0140289843;-0.1337388870;0.1082845394;0.2352135662
4.8500000000;0.0190368746;-0.0154300809;-0.0138873074;-0.1355935609;0.1083840871;0.2352671954
4.8600000000;0.0189858319;-0.0153649323;-0.0137431140;-0.1374495353;0.1084965409;0.2352883543
4.8700000000;0.0189343831;-0.0152999420;-0.0135965234;-0.1393113801;0.1086245961;0.2352761316
4.8800000000;0.0188825269;-0.0152351233;-0.0134476390;-0.1411799920;0.1087687449;0.2352296015
4.8900000000;0.0188302621;-0.0151704897;-0.0132965646;-0.1430507797;0.1089288451;0.2351479040
4.9000000000;0.0187775878;-0.0151060544;-0.0131434225;-0.1449163436;0.1091047363;0.2350303268
4.9100000000;0.0187245026;-0.0150418298;-0.0129883550;-0.1467698771;0.1092973201;0.2348761867
4.9200000000;0.0186710056;-0.0149778280;-0.0128315117;-0.1486047394;0.1095087413;0.2346846391
4.9300000000;0.0186170954;-0.0149140600;-0.0126730389;-0.1504117421;0.1097393556;0.2344547335
4.9400000000;0.0185627709;-0.0148505360;-0.0125130804;-0.1521799736;0.1099860668;0.2341853919
4.9500000000;0.0185080310;-0.0147872656;-0.0123517846;-0.1539000588;0.1102439950;0.2338751754
4.9600000000;0.0184528746;-0.0147242577;-0.0121893086;-0.1555653398;0.1105092558;0.2335224357
4.9700000000;0.0183973010;-0.0146615199;-0.0120258185;-0.1571718204;0.1107813200;0.2331258102
4.9800000000;0.0183413093;-0.0145990584;-0.0118614830;-0.1587177365;0.1110624298;0.2326844083
4.9900000000;0.0182848990;-0.0145368783;-0.0116964808;-0.1602024192;0.1113546810;0.2321977013
5.0000000000;0.0182280695;-0.0144749834;-0.0115310269;-0.1616261277;0.1116584722;0.2316654077
5.0100000000;0.0181708205;-0.0144133769;-0.0113653871;-0.1629915833;0.1119714795;0.2310875647
5.0200000000;0.0181131518;-0.0143520610;-0.0111998507;-0.1643042856;0.1122856402;0.2304649718
5.0300000000;0.0180550632;-0.0142910378;-0.0110346795;-0.1655689891;0.1125872510;0.2297994225
5.0400000000;0.0179965543;-0.0142303091;-0.0108700949;-0.1667864031;0.1128635602;0.2290929559
5.0500000000;0.0179376248;-0.0141698761;-0.0107063158;-0.1679551029;0.1131074564;0.2283468063
5.0600000000;0.0178782744;-0.0141097393;-0.0105435750;-0.1690749439;0.1133160477;0.2275611670
5.0700000000;0.0178185028;-0.0140498989;-0.0103820814;-0.1701450108;0.1134880634;0.2267355303
5.0800000000;0.0177583101;-0.0139903548;-0.0102219858;-0.1711582330;0.1136228932;0.2258689952
5.0900000000;0.0176976962;-0.0139311070;-0.0100633988;-0.1721025057;0.1137202424;0.2249607649
5.1000000000;0.0176366615;-0.0138721548;-0.0099064296;-0.1729697905;0.1137774306;0.2240107648
5.1100000000;0.0175752064;-0.0138134967;-0.0097511948;-0.1737619207;0.1137863419;0.2230195806
5.1200000000;0.0175133315;-0.0137551301;-0.0095978012;-0.1744863888;0.1137360356;0.2219877185
5.1300000000;0.0174510374;-0.0136970516;-0.0094463475;-0.1751490174;0.1136196749;0.2209152741
5.1400000000;0.0173883250;-0.0136392569;-0.0092969494;-0.1757518667;0.1134381376;0.2198026005
5.1500000000;0.0173251954;-0.0135817408;-0.0091497520;-0.1762958290;0.1131968948;0.2186510414
5.1600000000;0.0172616503;-0.0135244967;-0.0090049291;-0.1767833630;0.1129015771;0.2174626758
5.1700000000;0.0171976911;-0.0134675170;-0.0088626804;-0.1772183353;0.1125571908;0.2162396349
5.1800000000;0.0171333197;-0.0134107931;-0.0087232125;-0.1776006888;0.1121691186;0.2149839135
5.1900000000;0.0170685380;-0.0133543158;-0.0085867108;-0.1779203819;0.1117438308;0.2136974850
5.2000000000;0.0170033477;-0.0132980746;-0.0084533401;-0.1781598809;0.1112896265;0.2123823353
5.2100000000;0.0169377509;-0.0132420579;-0.0083232707;-0.1783034940;0.1108173458;0.2110404382
5.2200000000;0.0168717495;-0.0131862525;-0.0081966827;-0.1783427617;0.1103394350;0.2096736956
5.2300000000;0.0168053459;-0.0131306448;-0.0080737385;-0.1782749002;0.1098670303;0.2082839219
5.2400000000;0.0167385422;-0.0130752204;-0.0079545559;-0.1780996208;0.1094073095;0.2068729785
5.2500000000;0.0166713407;-0.0130199647;-0.0078392066;-0.1778180410;0.1089640482;0.2054427647
5.2600000000;0.0166037437;-0.0129648625;-0.0077277305;-0.1774336341;0.1085407080;0.2039948875
5.2700000000;0.0165357536;-0.0129098980;-0.0076201500;-0.1769522223;0.1081401252;0.2025305574
5.2800000000;0.0164673730;-0.0128550555;-0.0075164787;-0.1763797854;0.1077611880;0.2010509178
5.2900000000;0.0163986043;-0.0128003186;-0.0074167199;-0.1757214768;0.1073990537;0.1995571565
5.3000000000;0.0163294503;-0.0127456710;-0.0073208563;-0.1749825024;0.1070486494;0.1980502612
5.3100000000;0.0162599135;-0.0126910955;-0.0072288496;-0.1741685381;0.1067071617;0.1965310069
5.3200000000;0.0161899964;-0.0126365747;-0.0071406535;-0.1732854945;0.1063733759;0.1950001826
5.3300000000;0.0161197015;-0.0125820907;-0.0070562247;-0.1723382551;0.1060448012;0.1934586393
5.3400000000;0.0160490313;-0.0125276258;-0.0069755210;-0.1713286987;0.1057161504;0.1919073082
5.3500000000;0.0159779885;-0.0124731621;-0.0068984963;-0.1702552489;0.1053813216;0.1903473183
5.3600000000;0.0159065757;-0.0124186815;-0.0068250956;-0.1691141511;0.1050371419;0.1887800458
5.3700000000;0.0158347958;-0.0123641657;-0.0067552497;-0.1679016788;0.1046836391;0.1872071232
5.3800000000;0.0157626514;-0.0123095968;-0.0066888757;-0.1666162349;0.1043190869;0.1856301999
5.3900000000;0.0156901454;-0.0122549573;-0.0066258871;-0.1652579517;0.1039370191;0.1840504985
5.4000000000;0.0156172804;-0.0122002299;-0.0065662040;-0.1638265932;0.1035300723;0.1824686915
5.4100000000;0.0155440594;-0.0121453976;-0.0065097528;-0.1623214688;0.1030949946;0.1808851585
5.4200000000;0.0154704854;-0.0120904438;-0.0064564578;-0.1607441103;0.1026319973;0.1793005749
5.4300000000;0.0153965613;-0.0120353515;-0.0064062349;-0.1591008750;0.1021407261;0.1777163450
5.4400000000;0.0153222901;-0.0119801040;-0.0063589888;-0.1574007752;0.1016191258;0.1761341900
5.4500000000;0.0152476747;-0.0119246844;-0.0063146122;-0.1556492346;0.1010640365;0.1745555902
5.4600000000;0.0151727178;-0.0118690756;-0.0062729843;-0.1538462352;0.1004710543;0.1729819303
5.4700000000;0.0150974223;-0.0118132611;-0.0062339710;-0.1519901921;0.0998353255;0.1714148559
5.4800000000;0.0150217908;-0.0117572242;-0.0061974218;-0.1500814565;0.0991527783;0.1698562636
5.4900000000;0.0149458260;-0.0117009487;-0.0061631644;-0.1481240554;0.0984208775;0.1683080659
5.5000000000;0.0148695305;-0.0116444184;-0.0061310043;-0.1461258519;0.0976382477;0.1667719932
5.5100000000;0.0147929066;-0.0115876176;-0.0061007297;-0.1440964350;0.0968035950;0.1652495319
5.5200000000;0.0147159568;-0.0115305311;-0.0060721115;-0.1420435564;0.0959175032;0.1637419911
5.5300000000;0.0146386830;-0.0114731440;-0.0060448940;-0.1399711045;0.0949860300;0.1622505689
5.5400000000;0.0145610874;-0.0114154418;-0.0060187916;-0.1378812264;0.0940205892;0.1607764532
5.5500000000;0.0144831721;-0.0113574104;-0.0059935033;-0.1357781012;0.0930331884;0.1593211507
5.5600000000;0.0144049390;-0.0112990360;-0.0059687283;-0.1336696026;0.0920295622;0.1578867200
5.5700000000;0.0143263902;-0.0112403051;-0.0059441664;-0.1315657916;0.0910051969;0.1564752766
5.5800000000;0.0142475276;-0.0111812051;-0.0059195123;-0.1294746855;0.0899498387;0.1550881317
5.5900000000;0.0141683530;-0.0111217236;-0.0058944558;-0.1273972395;0.0888556204;0.1537255926
5.6000000000;0.0140888682;-0.0110618490;-0.0058686892;-0.1253253784;0.0877192141;0.1523873918
5.6100000000;0.0140090751;-0.0110015703;-0.0058419228;-0.1232461774;0.0865403649;0.1510729273
5.6200000000;0.0139289755;-0.0109408768;-0.0058138938;-0.1211488868;0.0853226581;0.1497812789
5.6300000000;0.0138485715;-0.0108797587;-0.0057843595;-0.1190285028;0.0840733029;0.1485114066
5.6400000000;0.0137678649;-0.0108182065;-0.0057530879;-0.1168857984;0.0828001516;0.1472625521
5.6500000000;0.0136868579;-0.0107562109;-0.0057198693;-0.1147258949;0.0815072243;0.1460346648
5.6600000000;0.0136055525;-0.0106937631;-0.0056845366;-0.1125549034;0.0801904491;0.1448285128
5.6700000000;0.0135239510;-0.0106308544;-0.0056469689;-0.1103757790;0.0788420998;0.1436451981
5.6800000000;0.0134420557;-0.0105674767;-0.0056070840;-0.1081856521;0.0774629551;0.1424854356
5.6900000000;0.0133598689;-0.0105036221;-0.0055648437;-0.1059763844;0.0760671188;0.1413492657
5.7000000000;0.0132773932;-0.0104392835;-0.0055202597;-0.1037371517;0.0746738875;0.1402362800
5.7100000000;0.0131946314;-0.0103744543;-0.0054733842;-0.1014558306;0.0732952988;0.1391459179
5.7200000000;0.0131115867;-0.0103091286;-0.0054242941;-0.0991209292;0.0719316060;0.1380775519
5.7300000000;0.0130282622;-0.0102433012;-0.0053730771;-0.0967247502;0.0705780073;0.1370305265
5.7400000000;0.0129446613;-0.0101769678;-0.0053198263;-0.0942631571;0.0692328045;0.1360044401
5.7500000000;0.0128607871;-0.0101101247;-0.0052646485;-0.0917328702;0.0678991132;0.1349995299
5.7600000000;0.0127766429;-0.0100427690;-0.0052076798;-0.0891305241;0.0665821645;0.1340166945
5.7700000000;0.0126922313;-0.0099748984;-0.0051490831;-0.0864531664;0.0652875057;0.1330570919
5.7800000000;0.0126075548;-0.0099065113;-0.0050890233;-0.0836982041;0.0640224910;0.1321218206
5.7900000000;0.0125226155;-0.0098376070;-0.0050276589;-0.0808624006;0.0627969412;0.1312118974
5.8000000000;0.0124374154;-0.0097681852;-0.0049651574;-0.0779424649;0.0616194864;0.1303282293
5.8100000000;0.0123519563;-0.0096982467;-0.0049016821;-0.0749379064;0.0604929382;0.1294715705
5.8200000000;0.0122662400;-0.0096277936;-0.0048373550;-0.0718537433;0.0594123809;0.1286425191
5.8300000000;0.0121802679;-0.0095568293;-0.0047722462;-0.0687017093;0.0583680162;0.1278412969
5.8400000000;0.0120940412;-0.0094853585;-0.0047063879;-0.0654983032;0.0573510344;0.1270676344
5.8500000000;0.0120075607;-0.0094133867;-0.0046397891;-0.0622597618;0.0563559346;0.1263210024
5.8600000000;0.0119208270;-0.0093409199;-0.0045724549;-0.0589973945;0.0553784814;0.1256006762
5.8700000000;0.0118338407;-0.0092679649;-0.0045044066;-0.0557166638;0.0544144446;0.1249055972
5.8800000000;0.0117466019;-0.0091945290;-0.0044356922;-0.0524205745;0.0534598674;0.1242344461
5.8900000000;0.0116591103;-0.0091206206;-0.0043663945;-0.0491126176;0.0525107496;0.1235859154
5.9000000000;0.0115713654;-0.0090462483;-0.0042966385;-0.0457953444;0.0515635288;0.1229589592
5.9100000000;0.0114833660;-0.0089714214;-0.0042265818;-0.0424692496;0.0506171756;0.1223528344
5.9200000000;0.0113951106;-0.0088961500;-0.0041563790;-0.0391359823;0.0496721083;0.1217667923
5.9300000000;0.0113065972;-0.0088204454;-0.0040861489;-0.0358012155;0.0487248461;0.1211998016
5.9400000000;0.0112178236;-0.0087443202;-0.0040159743;-0.0324730815;0.0477673763;0.1206506419
5.9500000000;0.0111287871;-0.0086677885;-0.0039459217;-0.0291598321;0.0467952970;0.1201178651
5.9600000000;0.0110394849;-0.0085908651;-0.0038760542;-0.0258709415;0.0458150773;0.1195995019
5.9700000000;0.0109499140;-0.0085135658;-0.0038064369;-0.0226185725;0.0448413390;0.1190931212
5.9800000000;0.0108600710;-0.0084359072;-0.0037371474;-0.0194160194;0.0438887633;0.1185961746
5.9900000000;0.0107699523;-0.0083579064;-0.0036682838;-0.0162761187;0.0429691140;0.1181062179
6.0000000000;0.0106795545;-0.0082795811;-0.0035999522;-0.0132110448;0.0420919307;0.1176211509
6.0100000000;0.0105888735;-0.0082009495;-0.0035322413;-0.0102320712;0.0412628030;0.1171393775
6.0200000000;0.0104979057;-0.0081220298;-0.0034652137;-0.0073505693;0.0404831142;0.1166596323
6.0300000000;0.0104066470;-0.0080428398;-0.0033989216;-0.0045799600;0.0397519840;0.1161807419
6.0400000000;0.0103150937;-0.0079633973;-0.0033334213;-0.0019347481;0.0390670562;0.1157015153
6.0500000000;0.0102232416;-0.0078837195;-0.0032687741;0.0005749692;0.0384267184;0.1152206438
6.0600000000;0.0101310872;-0.0078038230;-0.0032050499;0.0029469790;0.0378324332;0.1147365887
6.0700000000;0.0100386266;-0.0077237238;-0.0031423361;0.0051816917;0.0372875054;0.1142476061
6.0800000000;0.0099458564;-0.0076434365;-0.0030807384;0.0072755103;0.0367932542;0.1137519169
6.0900000000;0.0098527730;-0.0075629753;-0.0030203733;0.0092214343;0.0363451389;0.1132477145
6.1000000000;0.0097593731;-0.0074823535;-0.0029613598;0.0110118186;0.0359340341;0.1127329602
6.1100000000;0.0096656535;-0.0074015842;-0.0029038048;0.0126397564;0.0355531919;0.1122053754
6.1200000000;0.0095716116;-0.0073206796;-0.0028477802;0.0141019824;0.0352027971;0.1116628620
6.1300000000;0.0094772446;-0.0072396519;-0.0027933166;0.0153993526;0.0348881889;0.1111040226
6.1400000000;0.0093825502;-0.0071585129;-0.0027404220;0.0165324062;0.0346150101;0.1105280584
6.1500000000;0.0092875260;-0.0070772753;-0.0026890846;0.0174994360;0.0343860543;0.1099339937
6.1600000000;0.0091921700;-0.0069959520;-0.0026392436;0.0182993899;0.0342023961;0.1093201714
6.1700000000;0.0090964800;-0.0069145567;-0.0025907752;0.0189334731;0.0340648238;0.1086844453
6.1800000000;0.0090004541;-0.0068331032;-0.0025435202;0.0194029166;0.0339727146;0.1080246758
6.1900000000;0.0089040904;-0.0067516055;-0.0024973115;0.0197069885;0.0339249978;0.1073392539
6.2000000000;0.0088073875;-0.0066700777;-0.0024519758;0.0198439333;0.0339225325;0.1066272573
6.2100000000;0.0087103440;-0.0065885334;-0.0024073343;0.0198125594;0.0339651588;0.1058878722
6.2200000000;0.0086129588;-0.0065069862;-0.0023632193;0.0196135787;0.0340466090;0.1051195893
6.2300000000;0.0085152309;-0.0064254486;-0.0023194824;0.0192510860;0.0341557828;0.1043201408
6.2400000000;0.0084171591;-0.0063439328;-0.0022759885;0.0187333396;0.0342823060;0.1034873301
6.2500000000;0.0083187427;-0.0062624502;-0.0022326146;0.0180715215;0.0344194977;0.1026198598
6.2600000000;0.0082199806;-0.0061810119;-0.0021892561;0.0172768342;0.0345648990;0.1017175436
6.2700000000;0.0081208722;-0.0060996283;-0.0021458291;0.0163592607;0.0347197612;0.1007809383
6.2800000000;0.0080214167;-0.0060183092;-0.0021022732;0.0153270538;0.0348869325;0.0998106305
6.2900000000;0.0079216135;-0.0059370638;-0.0020585580;0.0141852403;0.0350672177;0.0988068715
6.3000000000;0.0078214619;-0.0058558997;-0.0020146907;0.0129376467;0.0352561629;0.0977699166
6.3100000000;0.0077209616;-0.0057748234;-0.0019707257;0.0115922236;0.0354463292;0.0967003737
6.3200000000;0.0076201123;-0.0056938402;-0.0019267730;0.0101630338;0.0356321154;0.0955990464
6.3300000000;0.0075189138;-0.0056129537;-0.0018830005;0.0086670103;0.0358091582;0.0944665966
6.3400000000;0.0074173664;-0.0055321663;-0.0018396248;0.0071189047;0.0359722424;0.0933033964
6.3500000000;0.0073154701;-0.0054514791;-0.0017968942;0.0055290328;0.0361173826;0.0921096554
6.3600000000;0.0072132254;-0.0053708918;-0.0017550729;0.0039055264;0.0362440719;0.0908858014
6.3700000000;0.0071106327;-0.0052904033;-0.0017144280;0.0022574328;0.0363547081;0.0896326254
6.3800000000;0.0070076926;-0.0052100119;-0.0016752146;0.0005952672;0.0364524014;0.0883507300
6.3900000000;0.0069044057;-0.0051297152;-0.0016376667;-0.0010703592;0.0365392081;0.0870399909
6.4000000000;0.0068007728;-0.0050495099;-0.0016019983;-0.0027304611;0.0366165908;0.0856999772
6.4100000000;0.0066967948;-0.0049693921;-0.0015684055;-0.0043783301;0.0366858911;0.0843308981
6.4200000000;0.0065924726;-0.0048893575;-0.0015370762;-0.0060085336;0.0367488188;0.0829339536
6.4300000000;0.0064878076;-0.0048094007;-0.0015082008;-0.0076154880;0.0368104321;0.0815108834
6.4400000000;0.0063828008;-0.0047295159;-0.0014819662;-0.0091928065;0.0368781653;0.0800634247
6.4500000000;0.0062774538;-0.0046496962;-0.0014585440;-0.0107338721;0.0369538625;0.0785931076
6.4600000000;0.0061717677;-0.0045699336;-0.0014380913;-0.0122332102;0.0370296693;0.0771014850
6.4700000000;0.0060657441;-0.0044902197;-0.0014207493;-0.0136873342;0.0370925115;0.0755905269
6.4800000000;0.0059593841;-0.0044105453;-0.0014066253;-0.0150939894;0.0371304903;0.0740625282
6.4900000000;0.0058526893;-0.0043309012;-0.0013957723;-0.0164508267;0.0371371400;0.0725196403
6.5000000000;0.0057456610;-0.0042512772;-0.0013881818;-0.0177546119;0.0371124762;0.0709636514
6.5100000000;0.0056383006;-0.0041716631;-0.0013837868;-0.0189999929;0.0370605285;0.0693961147
6.5200000000;0.0055306096;-0.0040920476;-0.0013824730;-0.0201796177;0.0369868122;0.0678184977
6.5300000000;0.0054225895;-0.0040124192;-0.0013840895;-0.0212877979;0.0368991860;0.0662321930
6.5400000000;0.0053142417;-0.0039327658;-0.0013884497;-0.0223240143;0.0368073542;0.0646384663
6.5500000000;0.0052055674;-0.0038530748;-0.0013953201;-0.0232929724;0.0367165644;0.0630383858
6.5600000000;0.0050965680;-0.0037733329;-0.0014044165;-0.0242020097;0.0366238247;0.0614328403
6.5700000000;0.0049872446;-0.0036935262;-0.0014154097;-0.0250573162;0.0365208329;0.0598226322
6.5800000000;0.0048775984;-0.0036136406;-0.0014279351;-0.0258620026;0.0363967317;0.0582085570
6.5900000000;0.0047676305;-0.0035336616;-0.0014416048;-0.0266180624;0.0362400214;0.0565915918
6.6000000000;0.0046573420;-0.0034535748;-0.0014560171;-0.0273287934;0.0360424676;0.0549730707
6.6100000000;0.0045467339;-0.0033733657;-0.0014707548;-0.0279980295;0.0358009914;0.0533545063
6.6200000000;0.0044358068;-0.0032930196;-0.0014853778;-0.0286287668;0.0355151921;0.0517373199
6.6300000000;0.0043245617;-0.0032125224;-0.0014994311;-0.0292236128;0.0351874994;0.0501230393
6.6400000000;0.0042129992;-0.0031318595;-0.0015124652;-0.0297844851;0.0348265101;0.0485135376
6.6500000000;0.0041011204;-0.0030510169;-0.0015240388;-0.0303113044;0.0344438133;0.0469107475
6.6600000000;0.0039889261;-0.0029699802;-0.0015337055;-0.0308011813;0.0340455501;0.0453163397
6.6700000000;0.0038764176;-0.0028887352;-0.0015410116;-0.0312469915;0.0336287968;0.0437316005
6.6800000000;0.0037635960;-0.0028072675;-0.0015455172;-0.0316371900;0.0331854191;0.0421574275
6.6900000000;0.0036504628;-0.0027255633;-0.0015468157;-0.0319598323;0.0327083368;0.0405945976
6.7000000000;0.0035370195;-0.0026436089;-0.0015445381;-0.0322064834;0.0321946800;0.0390437831
6.7100000000;0.0034232680;-0.0025613907;-0.0015383484;-0.0323711294;0.0316448673;0.0375052168
6.7200000000;0.0033092103;-0.0024788958;-0.0015279499;-0.0324476729;0.0310582625;0.0359788362
6.7300000000;0.0031948481;-0.0023961116;-0.0015131010;-0.0324303744;0.0304298388;0.0344648231
6.7400000000;0.0030801835;-0.0023130265;-0.0014936245;-0.0323158171;0.0297543965;0.0329638437
6.7500000000;0.0029652185;-0.0022296298;-0.0014694047;-0.0321045544;0.0290320747;0.0314768774
6.7600000000;0.0028499553;-0.0021459118;-0.0014403756;-0.0318015466;0.0282657830;0.0300047548
6.7700000000;0.0027343961;-0.0020618635;-0.0014065060;-0.0314132223;0.0274567607;0.0285477307
6.7800000000;0.0026185432;-0.0019774773;-0.0013677939;-0.0309426420;0.0266057595;0.0271055298
6.7900000000;0.0025023989;-0.0018927458;-0.0013242810;-0.0303885664;0.0257130597;0.0256778464
6.8000000000;0.0023859656;-0.0018076625;-0.0012760817;-0.0297492349;0.0247728679;0.0242648252
6.8100000000;0.0022692459;-0.0017222214;-0.0012234014;-0.0290250168;0.0237725512;0.0228669513
6.8200000000;0.0021522422;-0.0016364169;-0.0011665260;-0.0282168199;0.0227003949;0.0214844307
6.8300000000;0.0020349571;-0.0015502442;-0.0011057982;-0.0273234255;0.0215503657;0.0201169489
6.8400000000;0.0019173928;-0.0014636996;-0.0010416070;-0.0263411495;0.0203229289;0.0187640369
6.8500000000;0.0017995515;-0.0013767801;-0.0009743821;-0.0252650089;0.0190279201;0.0174252459
6.8600000000;0.0016814351;-0.0012894840;-0.0009045796;-0.0240892007;0.0176825949;0.0160999055
6.8700000000;0.0015630453;-0.0012018110;-0.0008326849;-0.0228074251;0.0163039916;0.0147870595
6.8800000000;0.0014443833;-0.0011137613;-0.0007592252;-0.0214150261;0.0149048094;0.0134858892
6.8900000000;0.0013254503;-0.0010253361;-0.0006847500;-0.0199119459;0.0134938236;0.0121962830
6.9000000000;0.0012062471;-0.0009365370;-0.0006097958;-0.0183033261;0.0120782943;0.0109188848
6.9100000000;0.0010867744;-0.0008473664;-0.0005348817;-0.0165980734;0.0106661211;0.0096545670
6.9200000000;0.0009670324;-0.0007578267;-0.0004605343;-0.0148076386;0.0092660863;0.0084039331
6.9300000000;0.0008470212;-0.0006679205;-0.0003872968;-0.0129442238;0.0078881811;0.0071670918
6.9400000000;0.0007267406;-0.0005776495;-0.0003157071;-0.0110173440;0.0065439628;0.0059435589
6.9500000000;0.0006061906;-0.0004870152;-0.0002462755;-0.0090316334;0.0052441400;0.0047322955
6.9600000000;0.0004853708;-0.0003960193;-0.0001794844;-0.0069890086;0.0039936413;0.0035320532
6.9700000000;0.0003642809;-0.0003046635;-0.0001158032;-0.0048920713;0.0027886895;0.0023419134
6.9800000000;0.0002429208;-0.0002129489;-0.0000556996;-0.0027437552;0.0016206023;0.0011616173
6.9900000000;0.0001212899;-0.0001208763;0.0000003666;-0.0005459167;0.0004852480;-0.0000084941
7.0000000000;0.0000197502;-0.0000439103;0.0000441628;0.0013173421;-0.0004361935;-0.0009764717
7.0100000000;-0.0000005668;-0.0000285051;0.0000527727;0.0016915611;-0.0006191893;-0.0011697068
